Time,Actual,Random Forest,XGBoost,GRU,LSTM
2022-01-07 00:00:00+00:00,17812.69921875,17649.1202734375,17740.518,17144.307,17565.15
2022-01-10 00:00:00+00:00,18003.30078125,17783.311484375,17957.36,17226.477,17643.871
2022-01-11 00:00:00+00:00,18055.75,18009.601875,18067.783,17313.338,17733.168
2022-01-12 00:00:00+00:00,18212.349609375,18119.9164453125,18043.217,17403.258,17817.822
2022-01-13 00:00:00+00:00,18257.80078125,18267.9803125,18291.197,17506.74,17910.824
2022-01-14 00:00:00+00:00,18255.75,18274.31783203125,18377.242,17608.506,17996.525
2022-01-17 00:00:00+00:00,18308.099609375,18235.8084375,18334.533,17688.918,18065.893
2022-01-18 00:00:00+00:00,18113.05078125,18250.20484375,18231.719,17746.455,18126.162
2022-01-19 00:00:00+00:00,17938.400390625,18135.99337890625,17998.322,17790.488,18156.178
2022-01-20 00:00:00+00:00,17757.0,17945.77619140625,17896.443,17832.566,18160.54
2022-01-21 00:00:00+00:00,17617.150390625,17638.9984765625,17805.984,17878.812,18139.9
2022-01-24 00:00:00+00:00,17149.099609375,17546.1273046875,17644.818,17900.13,18090.938
2022-01-25 00:00:00+00:00,17277.94921875,17123.09712890625,17491.422,17877.215,17977.873
2022-01-27 00:00:00+00:00,17110.150390625,17157.07767578125,17352.062,17826.77,17870.744
2022-01-28 00:00:00+00:00,17101.94921875,17060.9640625,17025.348,17736.912,17741.424
2022-01-31 00:00:00+00:00,17339.849609375,17043.430078125,17141.936,17621.285,17615.107
2022-02-01 00:00:00+00:00,17576.849609375,17176.21900390625,17069.129,17493.783,17525.533
2022-02-02 00:00:00+00:00,17780.0,17505.73794921875,17249.361,17367.39,17479.088
2022-02-03 00:00:00+00:00,17560.19921875,17839.49375,17685.49,17269.229,17479.762
2022-02-04 00:00:00+00:00,17516.30078125,17497.517578125,17463.04,17195.836,17478.63
2022-02-07 00:00:00+00:00,17213.599609375,17527.249609375,17592.75,17157.957,17490.803
2022-02-08 00:00:00+00:00,17266.75,17302.19017578125,17429.879,17153.72,17482.338
2022-02-09 00:00:00+00:00,17463.80078125,17213.527265625,17246.502,17193.248,17487.414
2022-02-10 00:00:00+00:00,17605.849609375,17458.99833984375,17212.887,17236.717,17506.82
2022-02-11 00:00:00+00:00,17374.75,17561.0315234375,17360.621,17292.697,17538.498
2022-02-14 00:00:00+00:00,16842.80078125,17331.20677734375,17259.332,17323.59,17534.805
2022-02-15 00:00:00+00:00,17352.44921875,16963.13853515625,16920.227,17299.97,17459.043
2022-02-16 00:00:00+00:00,17322.19921875,17384.30748046875,17408.36,17255.332,17432.748
2022-02-17 00:00:00+00:00,17304.599609375,17314.147421875,17329.426,17203.371,17407.375
2022-02-18 00:00:00+00:00,17276.30078125,17195.83462890625,17010.955,17175.85,17392.328
2022-02-21 00:00:00+00:00,17206.650390625,17086.847265625,17022.973,17161.545,17380.562
2022-02-22 00:00:00+00:00,17092.19921875,17217.11837890625,17238.682,17160.463,17366.842
2022-02-23 00:00:00+00:00,17063.25,17240.6164453125,17352.809,17137.309,17336.55
2022-02-24 00:00:00+00:00,16247.9501953125,17086.82529296875,17151.477,17094.21,17300.836
2022-02-25 00:00:00+00:00,16658.400390625,16884.79265625,16951.309,17034.316,17177.936
2022-02-28 00:00:00+00:00,16793.900390625,16822.415615234375,16709.574,17008.64,17107.877
2022-03-02 00:00:00+00:00,16605.94921875,17006.349111328123,16730.492,16995.0,17057.709
2022-03-03 00:00:00+00:00,16498.05078125,16862.19720703125,16774.941,16921.305,16975.902
2022-03-04 00:00:00+00:00,16245.349609375,16818.4396484375,16614.428,16834.412,16888.902
2022-03-07 00:00:00+00:00,15863.150390625,16787.6796875,16610.396,16731.303,16781.941
2022-03-08 00:00:00+00:00,16013.4501953125,16003.40158203125,16112.726,16612.76,16641.79
2022-03-09 00:00:00+00:00,16345.349609375,16075.348046875,16316.671,16499.314,16530.604
2022-03-10 00:00:00+00:00,16594.900390625,16509.7884375,16298.377,16407.59,16472.871
2022-03-11 00:00:00+00:00,16630.44921875,16615.367412109375,16312.64,16347.329,16461.389
2022-03-14 00:00:00+00:00,16871.30078125,16706.700869140626,16560.678,16330.736,16475.395
2022-03-15 00:00:00+00:00,16663.0,16868.38384765625,16753.469,16279.393,16513.666
2022-03-16 00:00:00+00:00,16975.349609375,16692.203857421875,16862.719,16230.556,16539.934
2022-03-17 00:00:00+00:00,17287.05078125,16877.4078125,17019.09,16230.8955,16617.64
2022-03-21 00:00:00+00:00,17117.599609375,17198.93390625,17238.436,16287.411,16741.86
2022-03-22 00:00:00+00:00,17315.5,17072.19953125,17188.773,16397.807,16853.523
2022-03-23 00:00:00+00:00,17245.650390625,17297.14435546875,17259.56,16548.393,16981.55
2022-03-24 00:00:00+00:00,17222.75,17269.45068359375,17315.73,16676.799,17079.51
2022-03-25 00:00:00+00:00,17153.0,17307.28068359375,17280.025,16773.684,17152.025
2022-03-28 00:00:00+00:00,17222.0,17273.85615234375,17274.357,16851.951,17200.121
2022-03-29 00:00:00+00:00,17325.30078125,17304.25404296875,17372.285,16926.81,17243.912
2022-03-30 00:00:00+00:00,17498.25,17367.64513671875,17302.152,16990.85,17285.967
2022-03-31 00:00:00+00:00,17464.75,17466.5835546875,17336.133,17059.36,17340.326
2022-04-01 00:00:00+00:00,17670.44921875,17435.8965234375,17476.156,17090.395,17375.846
2022-04-04 00:00:00+00:00,18053.400390625,17695.89005859375,17679.293,17108.863,17427.135
2022-04-05 00:00:00+00:00,17957.400390625,18079.5884765625,17906.008,17151.633,17524.078
2022-04-06 00:00:00+00:00,17807.650390625,17962.2064453125,17817.242,17192.846,17607.92
2022-04-07 00:00:00+00:00,17639.55078125,17771.9016015625,17936.812,17252.742,17676.092
2022-04-08 00:00:00+00:00,17784.349609375,17680.8441796875,17815.393,17324.393,17721.018
2022-04-11 00:00:00+00:00,17674.94921875,17775.9328515625,17724.365,17408.816,17773.256
2022-04-12 00:00:00+00:00,17530.30078125,17727.78564453125,17743.39,17483.324,17800.38
2022-04-13 00:00:00+00:00,17475.650390625,17571.24568359375,17403.883,17538.219,17797.346
2022-04-18 00:00:00+00:00,17173.650390625,17514.47306640625,17613.36,17568.844,17774.555
2022-04-19 00:00:00+00:00,16958.650390625,17123.95314453125,17402.705,17569.305,17708.736
2022-04-20 00:00:00+00:00,17136.55078125,16989.062578125,16994.8,17518.617,17606.727
2022-04-21 00:00:00+00:00,17392.599609375,17059.62763671875,17155.01,17434.467,17519.115
2022-04-22 00:00:00+00:00,17171.94921875,17316.26615234375,17130.62,17362.412,17471.137
2022-04-25 00:00:00+00:00,16953.94921875,17036.49419921875,17157.309,17293.129,17411.08
2022-04-26 00:00:00+00:00,17200.80078125,17079.2441796875,16940.656,17217.453,17335.984
2022-04-27 00:00:00+00:00,17038.400390625,17348.77095703125,17359.205,17134.814,17294.342
2022-04-28 00:00:00+00:00,17245.05078125,17112.5772265625,17139.127,17063.148,17249.111
2022-04-29 00:00:00+00:00,17102.55078125,17332.06748046875,17252.098,17016.727,17240.111
2022-05-02 00:00:00+00:00,17069.099609375,17129.04083984375,17184.43,16990.012,17226.375
2022-05-04 00:00:00+00:00,16677.599609375,17106.27431640625,17056.926,16993.018,17218.758
2022-05-05 00:00:00+00:00,16682.650390625,17008.3106640625,16974.49,16988.973,17167.572
2022-05-06 00:00:00+00:00,16411.25,16992.822734375,16987.879,16956.11,17108.676
2022-05-09 00:00:00+00:00,16301.849609375,16864.62505859375,16978.623,16901.176,17017.314
2022-05-10 00:00:00+00:00,16240.0498046875,16788.12970703125,16574.627,16857.246,16920.373
2022-05-11 00:00:00+00:00,16167.099609375,16787.466728515625,16614.428,16804.63,16818.238
2022-05-12 00:00:00+00:00,15808.0,16743.300302734377,16606.428,16714.846,16704.855
2022-05-13 00:00:00+00:00,15782.150390625,15980.333115234374,15870.299,16603.162,16558.512
2022-05-16 00:00:00+00:00,15842.2998046875,15856.080625,15828.099,16460.934,16414.316
2022-05-17 00:00:00+00:00,16259.2998046875,15839.706640625,15872.946,16322.578,16294.2705
2022-05-18 00:00:00+00:00,16240.2998046875,16481.18388671875,16312.64,16202.568,16241.116
2022-05-19 00:00:00+00:00,15809.400390625,16534.587392578123,16298.377,16113.249,16211.15
2022-05-20 00:00:00+00:00,16266.150390625,15921.96265625,15817.539,16022.801,16147.379
2022-05-23 00:00:00+00:00,16214.7001953125,16263.39041015625,16244.235,15970.289,16152.939
2022-05-24 00:00:00+00:00,16125.150390625,16316.257421875,16272.022,15935.6875,16165.412
2022-05-25 00:00:00+00:00,16025.7998046875,16322.773447265625,16278.995,15921.439,16177.38
2022-05-26 00:00:00+00:00,16170.150390625,16061.673583984375,16298.377,15935.155,16185.245
2022-05-27 00:00:00+00:00,16352.4501953125,16316.398505859375,16263.911,15985.54,16213.909
2022-05-30 00:00:00+00:00,16661.400390625,16416.020390625,16272.022,16033.635,16255.966
2022-05-31 00:00:00+00:00,16584.55078125,16470.9055078125,16311.99,16069.047,16324.839
2022-06-01 00:00:00+00:00,16522.75,16481.380556640626,16717.393,16080.189,16378.085
2022-06-02 00:00:00+00:00,16628.0,16499.178330078124,16532.803,16112.638,16428.879
2022-06-03 00:00:00+00:00,16584.30078125,16506.720859375,16615.78,16173.588,16494.344
2022-06-06 00:00:00+00:00,16569.55078125,16537.74185546875,16826.205,16208.588,16541.828
2022-06-07 00:00:00+00:00,16416.349609375,16544.03828125,16536.834,16264.185,16586.91
2022-06-08 00:00:00+00:00,16356.25,16618.0643359375,16579.266,16332.364,16609.96
2022-06-09 00:00:00+00:00,16478.099609375,16659.91193359375,16579.266,16397.17,16615.725
2022-06-10 00:00:00+00:00,16201.7998046875,16685.062421875,16593.527,16435.242,16619.59
2022-06-13 00:00:00+00:00,15774.400390625,16711.64783203125,16532.803,16433.28,16580.094
2022-06-14 00:00:00+00:00,15732.099609375,15976.945068359375,16041.588,16390.64,16483.58
2022-06-15 00:00:00+00:00,15692.150390625,15844.951083984375,15828.099,16342.269,16382.855
2022-06-16 00:00:00+00:00,15360.599609375,15821.882099609375,15825.283,16279.052,16278.006
2022-06-17 00:00:00+00:00,15293.5,15742.04107421875,15825.283,16184.31,16135.941
2022-06-20 00:00:00+00:00,15350.150390625,15449.029111328126,15527.034,16074.37,15992.298
2022-06-21 00:00:00+00:00,15638.7998046875,15681.8656640625,15723.638,15952.736,15864.441
2022-06-22 00:00:00+00:00,15413.2998046875,15721.620537109375,15775.925,15833.235,15784.679
2022-06-23 00:00:00+00:00,15556.650390625,15679.63447265625,15744.16,15700.0205,15695.174
2022-06-24 00:00:00+00:00,15699.25,15676.29787109375,15708.668,15570.717,15640.164
2022-06-27 00:00:00+00:00,15832.0498046875,15679.78640625,15708.668,15487.879,15628.872
2022-06-28 00:00:00+00:00,15850.2001953125,15761.99693359375,15743.652,15453.03,15655.309
2022-06-29 00:00:00+00:00,15799.099609375,15784.989482421875,15810.843,15438.09,15694.335
2022-06-30 00:00:00+00:00,15780.25,15734.802392578125,15671.866,15452.587,15736.4795
2022-07-01 00:00:00+00:00,15752.0498046875,15715.3868359375,15649.898,15506.793,15783.071
2022-07-04 00:00:00+00:00,15835.349609375,15715.38732421875,15714.037,15566.386,15820.471
2022-07-05 00:00:00+00:00,15810.849609375,15817.480419921874,15813.523,15618.06,15857.229
2022-07-06 00:00:00+00:00,15989.7998046875,15896.5180859375,15863.499,15655.681,15881.053
2022-07-07 00:00:00+00:00,16132.900390625,15900.877626953124,16241.874,15710.034,15923.31
2022-07-08 00:00:00+00:00,16220.599609375,16161.25744140625,16208.841,15747.772,15972.123
2022-07-11 00:00:00+00:00,16216.0,16235.174853515626,16218.175,15772.628,16024.988
2022-07-12 00:00:00+00:00,16058.2998046875,16252.068408203126,16252.641,15792.774,16074.928
2022-07-13 00:00:00+00:00,15966.650390625,16226.995888671874,16244.529,15819.038,16107.124
2022-07-14 00:00:00+00:00,15938.650390625,15956.143515625,16272.022,15856.422,16127.472
2022-07-15 00:00:00+00:00,16049.2001953125,15949.91009765625,16298.377,15900.251,16139.684
2022-07-18 00:00:00+00:00,16278.5,16224.843115234375,16298.377,15947.523,16157.588
2022-07-19 00:00:00+00:00,16340.5498046875,16362.67640625,16298.377,15990.748,16193.268
2022-07-20 00:00:00+00:00,16520.849609375,16425.4569921875,16298.377,16025.876,16230.239
2022-07-21 00:00:00+00:00,16605.25,16438.476962890625,16298.377,16042.016,16280.474
2022-07-22 00:00:00+00:00,16719.44921875,16439.35037109375,16532.803,16049.6455,16338.721
2022-07-25 00:00:00+00:00,16631.0,16615.79955078125,16546.416,16066.621,16412.465
2022-07-26 00:00:00+00:00,16483.849609375,16515.528466796874,16753.469,16106.008,16480.473
2022-07-27 00:00:00+00:00,16641.80078125,16537.82779296875,16826.205,16174.22,16533.379
2022-07-28 00:00:00+00:00,16929.599609375,16631.144296875,16615.78,16263.401,16597.705
2022-07-29 00:00:00+00:00,17158.25,16916.2059375,16862.719,16360.929,16683.365
2022-08-01 00:00:00+00:00,17340.05078125,17084.45697265625,17150.31,16449.807,16781.043
2022-08-02 00:00:00+00:00,17345.44921875,17315.06080078125,17238.436,16525.867,16886.71
2022-08-03 00:00:00+00:00,17388.150390625,17370.321015625,17188.773,16597.428,16985.395
2022-08-04 00:00:00+00:00,17382.0,17415.07654296875,17322.768,16662.54,17080.05
2022-08-05 00:00:00+00:00,17397.5,17404.2159375,17482.906,16733.758,17167.988
2022-08-08 00:00:00+00:00,17525.099609375,17434.27783203125,17482.906,16819.068,17251.0
2022-08-10 00:00:00+00:00,17534.75,17524.71310546875,17525.885,16932.816,17342.03
2022-08-11 00:00:00+00:00,17659.0,17536.4030078125,17479.525,17055.947,17422.025
2022-08-12 00:00:00+00:00,17698.150390625,17706.91853515625,17640.621,17156.168,17495.082
2022-08-16 00:00:00+00:00,17825.25,17727.77150390625,17626.33,17224.02,17553.543
2022-08-17 00:00:00+00:00,17944.25,17794.4267578125,17844.863,17272.838,17613.566
2022-08-18 00:00:00+00:00,17956.5,17958.7093359375,17865.615,17316.486,17679.832
2022-08-19 00:00:00+00:00,17758.44921875,18000.14333984375,17907.422,17367.85,17744.818
2022-08-22 00:00:00+00:00,17490.69921875,17669.86193359375,17868.777,17419.57,17783.207
2022-08-23 00:00:00+00:00,17577.5,17526.6722265625,17624.408,17468.041,17785.346
2022-08-24 00:00:00+00:00,17604.94921875,17568.13333984375,17655.75,17512.35,17787.176
2022-08-25 00:00:00+00:00,17522.44921875,17607.8877734375,17585.102,17543.07,17781.688
2022-08-26 00:00:00+00:00,17558.900390625,17518.74404296875,17465.682,17559.865,17759.91
2022-08-29 00:00:00+00:00,17312.900390625,17580.63111328125,17515.738,17555.26,17734.453
2022-08-30 00:00:00+00:00,17759.30078125,17306.4058203125,17383.979,17524.562,17678.24
2022-09-01 00:00:00+00:00,17542.80078125,17712.335390625,17653.105,17481.32,17669.352
2022-09-02 00:00:00+00:00,17539.44921875,17638.7019140625,17435.367,17424.889,17641.98
2022-09-05 00:00:00+00:00,17665.80078125,17521.07833984375,17495.105,17380.33,17623.867
2022-09-06 00:00:00+00:00,17655.599609375,17731.87123046875,17713.852,17366.883,17631.506
2022-09-07 00:00:00+00:00,17624.400390625,17733.9255859375,17657.816,17373.006,17645.164
2022-09-08 00:00:00+00:00,17798.75,17665.40408203125,17539.658,17373.516,17653.87
2022-09-09 00:00:00+00:00,17833.349609375,17812.67939453125,17689.947,17383.455,17682.803
2022-09-12 00:00:00+00:00,17936.349609375,17797.00931640625,17923.773,17406.717,17717.904
2022-09-13 00:00:00+00:00,18070.05078125,17909.19375,17897.102,17438.68,17763.432
2022-09-14 00:00:00+00:00,18003.75,18132.609921875,18103.582,17483.498,17823.584
2022-09-15 00:00:00+00:00,17877.400390625,18055.08091796875,18149.906,17506.914,17867.096
2022-09-16 00:00:00+00:00,17530.849609375,17878.733671875,18030.08,17550.916,17899.55
2022-09-19 00:00:00+00:00,17622.25,17556.5187109375,17697.936,17585.785,17887.547
2022-09-20 00:00:00+00:00,17816.25,17628.012890625,17598.082,17613.197,17876.043
2022-09-21 00:00:00+00:00,17718.349609375,17765.85755859375,17846.236,17642.87,17880.193
2022-09-22 00:00:00+00:00,17629.80078125,17712.2845703125,17608.479,17659.8,17867.871
2022-09-23 00:00:00+00:00,17327.349609375,17672.0561328125,17565.922,17649.314,17837.97
2022-09-26 00:00:00+00:00,17016.30078125,17298.48484375,17402.977,17613.047,17771.936
2022-09-27 00:00:00+00:00,17007.400390625,16976.36345703125,17025.865,17545.854,17669.125
2022-09-28 00:00:00+00:00,16858.599609375,17003.743046875,17059.8,17463.066,17566.812
2022-09-29 00:00:00+00:00,16818.099609375,16979.3165625,16817.422,17382.14,17456.723
2022-09-30 00:00:00+00:00,17094.349609375,16958.0091015625,16652.201,17309.098,17351.518
2022-10-03 00:00:00+00:00,16887.349609375,17062.86431640625,17073.137,17246.494,17286.572
2022-10-04 00:00:00+00:00,17274.30078125,17098.83921875,16875.959,17148.271,17201.41
2022-10-06 00:00:00+00:00,17331.80078125,17305.5189453125,17320.828,17038.676,17168.125
2022-10-07 00:00:00+00:00,17314.650390625,17311.95341796875,17367.98,16947.0,17161.852
2022-10-10 00:00:00+00:00,17241.0,17309.744921875,17176.63,16886.348,17174.28
2022-10-11 00:00:00+00:00,16983.55078125,17302.7576953125,17265.223,16873.014,17197.984
2022-10-12 00:00:00+00:00,17123.599609375,17012.4597265625,17118.494,16891.092,17202.785
2022-10-13 00:00:00+00:00,17014.349609375,17221.0090625,17388.672,16925.514,17221.55
2022-10-14 00:00:00+00:00,17185.69921875,17032.6122265625,17147.268,16971.0,17225.766
2022-10-17 00:00:00+00:00,17311.80078125,17236.92587890625,17217.568,17012.299,17240.54
2022-10-18 00:00:00+00:00,17486.94921875,17335.1873828125,17321.791,17033.48,17259.143
2022-10-19 00:00:00+00:00,17512.25,17454.7343359375,17248.504,17055.434,17296.057
2022-10-20 00:00:00+00:00,17563.94921875,17411.77703125,17566.52,17044.764,17327.912
2022-10-21 00:00:00+00:00,17576.30078125,17517.04509765625,17618.31,17039.877,17369.57
2022-10-24 00:00:00+00:00,17730.75,17525.177109375,17565.182,17054.314,17418.332
2022-10-25 00:00:00+00:00,17656.349609375,17730.81453125,17709.092,17100.703,17488.707
2022-10-27 00:00:00+00:00,17736.94921875,17725.8609765625,17627.12,17173.63,17552.064
2022-10-28 00:00:00+00:00,17786.80078125,17736.45099609375,17614.223,17247.47,17614.473
2022-10-31 00:00:00+00:00,18012.19921875,17790.16978515625,17653.406,17328.08,17674.75
2022-11-01 00:00:00+00:00,18145.400390625,18021.5773046875,18010.6,17396.904,17746.396
2022-11-02 00:00:00+00:00,18082.849609375,18276.752890625,18304.49,17457.434,17823.055
2022-11-03 00:00:00+00:00,18052.69921875,18171.694609375,18158.63,17508.64,17885.016
2022-11-04 00:00:00+00:00,18117.150390625,18123.5750390625,18168.332,17562.584,17938.68
2022-11-07 00:00:00+00:00,18202.80078125,18206.67751953125,18139.984,17619.37,17992.91
2022-11-09 00:00:00+00:00,18157.0,18188.06392578125,18261.326,17679.85,18049.846
2022-11-10 00:00:00+00:00,18028.19921875,18193.53095703125,18119.357,17736.191,18093.418
2022-11-11 00:00:00+00:00,18349.69921875,17977.71259765625,17945.463,17794.78,18116.947
2022-11-14 00:00:00+00:00,18329.150390625,18216.60087890625,18076.678,17849.69,18164.91
2022-11-15 00:00:00+00:00,18403.400390625,18191.96673828125,18095.307,17890.44,18202.203
2022-11-16 00:00:00+00:00,18409.650390625,18162.4838671875,17989.434,17913.15,18238.8
2022-11-17 00:00:00+00:00,18343.900390625,18171.66234375,18136.568,17933.318,18273.287
2022-11-18 00:00:00+00:00,18307.650390625,18194.5208203125,18168.883,17962.145,18300.982
2022-11-21 00:00:00+00:00,18159.94921875,18148.71091796875,18113.072,17992.885,18321.752
2022-11-22 00:00:00+00:00,18244.19921875,18093.0061328125,18066.373,18015.576,18321.064
2022-11-23 00:00:00+00:00,18267.25,18119.37287109375,18071.984,18037.693,18324.438
2022-11-24 00:00:00+00:00,18484.099609375,18155.12982421875,18168.883,18063.7,18327.707
2022-11-25 00:00:00+00:00,18512.75,18156.95728515625,18071.984,18088.572,18350.344
2022-11-28 00:00:00+00:00,18562.75,18144.74830078125,18071.984,18086.914,18368.006
2022-11-29 00:00:00+00:00,18618.05078125,18161.73578125,18071.984,18086.271,18392.754
2022-11-30 00:00:00+00:00,18758.349609375,18134.82439453125,18071.984,18086.236,18424.533
2022-12-01 00:00:00+00:00,18812.5,18139.06744140625,18071.984,18100.957,18474.787
2022-12-02 00:00:00+00:00,18696.099609375,18157.8429296875,18071.984,18136.566,18534.342
2022-12-05 00:00:00+00:00,18701.05078125,18151.57791015625,18071.984,18187.549,18581.498
2022-12-06 00:00:00+00:00,18642.75,18120.4869140625,18071.984,18252.998,18625.926
2022-12-07 00:00:00+00:00,18560.5,18120.4869140625,18071.984,18310.197,18654.018
2022-12-08 00:00:00+00:00,18609.349609375,18120.4869140625,18071.984,18355.258,18663.414
2022-12-09 00:00:00+00:00,18496.599609375,18120.4869140625,18071.984,18381.578,18666.732
2022-12-12 00:00:00+00:00,18497.150390625,18120.4869140625,18071.984,18396.97,18652.434
2022-12-13 00:00:00+00:00,18608.0,18120.4869140625,18071.984,18398.562,18632.525
2022-12-14 00:00:00+00:00,18660.30078125,18120.4869140625,18071.984,18386.684,18620.531
2022-12-15 00:00:00+00:00,18414.900390625,18120.4869140625,18071.984,18361.361,18612.746
2022-12-16 00:00:00+00:00,18269.0,18113.62541015625,18071.984,18329.297,18582.107
2022-12-19 00:00:00+00:00,18420.44921875,18085.7119140625,18071.984,18301.035,18540.723
2022-12-20 00:00:00+00:00,18385.30078125,18107.7069140625,18071.984,18276.578,18517.643
2022-12-21 00:00:00+00:00,18199.099609375,18118.38638671875,18071.984,18256.83,18494.756
2022-12-22 00:00:00+00:00,18127.349609375,18075.18947265625,18071.984,18235.057,18454.55
2022-12-23 00:00:00+00:00,17806.80078125,18037.840546875,18071.984,18205.807,18406.705
2022-12-26 00:00:00+00:00,18014.599609375,17777.216796875,17842.322,18166.771,18326.412
2022-12-27 00:00:00+00:00,18132.30078125,17913.36703125,18067.422,18116.963,18267.814
2022-12-28 00:00:00+00:00,18122.5,18023.37677734375,18086.652,18055.371,18224.416
2022-12-29 00:00:00+00:00,18191.0,18018.93189453125,17818.328,17996.176,18188.516
2022-12-30 00:00:00+00:00,18105.30078125,18052.87443359375,18017.707,17957.225,18172.697
2023-01-02 00:00:00+00:00,18197.44921875,17970.71341796875,17939.766,17918.807,18154.674
2023-01-03 00:00:00+00:00,18232.55078125,18079.28083984375,18099.36,17875.164,18150.102
2023-01-04 00:00:00+00:00,18042.94921875,18100.59677734375,17971.707,17850.297,18159.14
2023-01-05 00:00:00+00:00,17992.150390625,17993.57390625,17861.854,17849.057,18157.086
2023-01-06 00:00:00+00:00,17859.44921875,17984.95166015625,17955.977,17865.096,18152.434
2023-01-09 00:00:00+00:00,18101.19921875,17822.61265625,17925.744,17891.025,18133.715
2023-01-10 00:00:00+00:00,17914.150390625,18029.4848046875,17886.562,17896.473,18130.783
2023-01-11 00:00:00+00:00,17895.69921875,17948.150390625,17782.236,17884.059,18104.04
2023-01-12 00:00:00+00:00,17858.19921875,17873.62666015625,17791.125,17864.84,18074.97
2023-01-13 00:00:00+00:00,17956.599609375,17800.87294921875,17808.12,17835.736,18041.807
2023-01-16 00:00:00+00:00,17894.849609375,17950.5618359375,17786.771,17807.16,18022.67
2023-01-17 00:00:00+00:00,18053.30078125,17872.36935546875,17859.383,17768.93,17998.861
2023-01-18 00:00:00+00:00,18165.349609375,18015.885234375,17856.693,17740.87,17998.334
2023-01-19 00:00:00+00:00,18107.849609375,18168.4044921875,18263.463,17736.068,18019.168
2023-01-20 00:00:00+00:00,18027.650390625,18073.62982421875,18128.926,17739.031,18037.686
2023-01-23 00:00:00+00:00,18118.55078125,17975.014375,18097.797,17746.14,18049.4
2023-01-24 00:00:00+00:00,18118.30078125,18107.4327734375,18055.652,17748.607,18067.94
2023-01-25 00:00:00+00:00,17891.94921875,18097.67037109375,18023.705,17772.598,18091.094
2023-01-27 00:00:00+00:00,17604.349609375,17883.51771484375,17772.193,17795.93,18087.408
2023-01-30 00:00:00+00:00,17648.94921875,17545.7844140625,17522.762,17809.846,18047.42
2023-01-31 00:00:00+00:00,17662.150390625,17666.03328125,17624.107,17810.291,18004.467
2023-02-01 00:00:00+00:00,17616.30078125,17709.88677734375,17527.287,17798.902,17958.867
2023-02-02 00:00:00+00:00,17610.400390625,17576.83916015625,17435.518,17759.951,17902.916
2023-02-03 00:00:00+00:00,17854.05078125,17575.73208984375,17354.447,17705.078,17847.062
2023-02-06 00:00:00+00:00,17764.599609375,17849.99291015625,17884.623,17653.822,17824.688
2023-02-07 00:00:00+00:00,17721.5,17728.90802734375,17713.045,17598.514,17800.64
2023-02-08 00:00:00+00:00,17871.69921875,17744.985625,17773.54,17538.016,17778.752
2023-02-09 00:00:00+00:00,17893.44921875,17908.17009765625,17914.717,17498.72,17784.855
2023-02-10 00:00:00+00:00,17856.5,17868.771328125,17944.777,17496.27,17806.959
2023-02-13 00:00:00+00:00,17770.900390625,17784.29111328125,17975.031,17519.78,17832.04
2023-02-14 00:00:00+00:00,17929.849609375,17694.3208984375,17848.225,17541.568,17844.742
2023-02-15 00:00:00+00:00,18015.849609375,17910.7044140625,17928.13,17570.234,17872.188
2023-02-16 00:00:00+00:00,18035.849609375,18018.79779296875,18111.783,17604.227,17906.723
2023-02-17 00:00:00+00:00,17944.19921875,18048.83728515625,18083.264,17632.951,17938.973
2023-02-20 00:00:00+00:00,17844.599609375,17971.6004296875,18030.08,17646.982,17955.068
2023-02-21 00:00:00+00:00,17826.69921875,17780.369296875,18036.582,17667.582,17960.422
2023-02-22 00:00:00+00:00,17554.30078125,17849.600078125,17914.486,17685.105,17960.107
2023-02-23 00:00:00+00:00,17511.25,17589.738125,17524.074,17683.145,17923.777
2023-02-24 00:00:00+00:00,17465.80078125,17505.74955078125,17506.781,17676.938,17879.785
2023-02-27 00:00:00+00:00,17392.69921875,17468.2315234375,17412.355,17666.05,17828.857
2023-02-28 00:00:00+00:00,17303.94921875,17436.22935546875,17286.299,17640.816,17767.451
2023-03-01 00:00:00+00:00,17450.900390625,17176.21423828125,17197.37,17583.895,17691.879
2023-03-02 00:00:00+00:00,17321.900390625,17382.15982421875,17203.47,17512.652,17634.986
2023-03-03 00:00:00+00:00,17594.349609375,17182.12919921875,17251.752,17433.531,17572.246
2023-03-06 00:00:00+00:00,17711.44921875,17529.8905078125,17394.729,17367.898,17551.389
2023-03-08 00:00:00+00:00,17754.400390625,17734.33001953125,17637.6,17317.846,17556.43
2023-03-09 00:00:00+00:00,17589.599609375,17712.7615625,17625.229,17286.861,17578.229
2023-03-10 00:00:00+00:00,17412.900390625,17550.40125,17564.086,17283.15,17594.26
2023-03-13 00:00:00+00:00,17154.30078125,17534.28150390625,17609.52,17287.625,17593.71
2023-03-14 00:00:00+00:00,17043.30078125,17176.947890625,17510.932,17297.287,17564.691
2023-03-15 00:00:00+00:00,16972.150390625,16996.04404296875,16984.885,17311.098,17520.482
2023-03-16 00:00:00+00:00,16985.599609375,16951.79404296875,16974.31,17318.22,17462.623
2023-03-17 00:00:00+00:00,17100.05078125,16975.823671875,16911.102,17301.959,17397.6
2023-03-20 00:00:00+00:00,16988.400390625,17070.87181640625,17178.969,17269.264,17342.807
2023-03-21 00:00:00+00:00,17107.5,17102.95478515625,16996.865,17190.992,17271.008
2023-03-22 00:00:00+00:00,17151.900390625,17239.8358984375,17253.373,17096.107,17218.732
2023-03-23 00:00:00+00:00,17076.900390625,17273.474375,17399.123,17005.229,17185.248
2023-03-24 00:00:00+00:00,16945.05078125,17209.3714453125,17252.6,16939.268,17161.8
2023-03-27 00:00:00+00:00,16985.69921875,17091.71728515625,17038.094,16900.9,17138.613
2023-03-28 00:00:00+00:00,16951.69921875,17062.80517578125,17194.463,16892.922,17130.4
2023-03-29 00:00:00+00:00,17080.69921875,17061.83572265625,17020.805,16896.412,17121.459
2023-03-31 00:00:00+00:00,17359.75,17207.36443359375,17307.98,16905.768,17126.684
2023-04-03 00:00:00+00:00,17398.05078125,17380.34025390625,17196.7,16916.605,17161.502
2023-04-05 00:00:00+00:00,17557.05078125,17413.74591796875,17390.068,16923.889,17200.287
2023-04-06 00:00:00+00:00,17599.150390625,17510.63,17585.947,16943.18,17260.006
2023-04-10 00:00:00+00:00,17624.05078125,17542.4185546875,17618.31,16962.037,17323.812
2023-04-11 00:00:00+00:00,17722.30078125,17667.82556640625,17585.947,16996.02,17392.344
2023-04-12 00:00:00+00:00,17812.400390625,17741.55306640625,17768.072,17058.77,17473.625
2023-04-13 00:00:00+00:00,17828.0,17773.56736328125,17878.434,17147.328,17562.549
2023-04-17 00:00:00+00:00,17706.849609375,17804.6122265625,17916.207,17243.35,17643.875
2023-04-18 00:00:00+00:00,17660.150390625,17725.71458984375,17730.084,17337.01,17700.271
2023-04-19 00:00:00+00:00,17618.75,17705.75216796875,17777.252,17409.451,17734.9
2023-04-20 00:00:00+00:00,17624.44921875,17613.97689453125,17611.055,17455.594,17749.217
2023-04-21 00:00:00+00:00,17624.05078125,17680.7102734375,17634.93,17491.23,17755.164
2023-04-24 00:00:00+00:00,17743.400390625,17695.1428515625,17634.93,17509.643,17752.0
2023-04-25 00:00:00+00:00,17769.25,17740.8237109375,17810.828,17521.652,17757.367
2023-04-26 00:00:00+00:00,17813.599609375,17730.6075,17786.953,17523.635,17762.598
2023-04-27 00:00:00+00:00,17915.05078125,17794.64376953125,17928.13,17513.479,17770.502
2023-04-28 00:00:00+00:00,18065.0,17902.70470703125,17944.777,17501.676,17790.8
2023-05-02 00:00:00+00:00,18147.650390625,18129.1729296875,18113.283,17504.049,17832.357
2023-05-03 00:00:00+00:00,18089.849609375,18269.20876953125,18358.816,17529.473,17888.781
2023-05-04 00:00:00+00:00,18255.80078125,18173.850625,18168.332,17568.377,17940.123
2023-05-05 00:00:00+00:00,18069.0,18291.3311328125,18375.742,17623.27,18007.729
2023-05-08 00:00:00+00:00,18264.400390625,18125.20130859375,18084.363,17680.164,18050.232
2023-05-09 00:00:00+00:00,18265.94921875,18177.4844140625,18246.03,17743.047,18106.684
2023-05-10 00:00:00+00:00,18315.099609375,18163.03126953125,18128.334,17800.861,18154.488
2023-05-11 00:00:00+00:00,18297.0,18192.9149609375,18132.084,17858.766,18200.363
2023-05-12 00:00:00+00:00,18314.80078125,18204.00427734375,18063.264,17908.928,18235.914
2023-05-15 00:00:00+00:00,18398.849609375,18184.60232421875,18163.271,17946.02,18264.416
2023-05-16 00:00:00+00:00,18286.5,18162.534296875,18016.176,17972.846,18294.744
2023-05-17 00:00:00+00:00,18181.75,18149.24833984375,18163.271,17994.355,18309.256
2023-05-18 00:00:00+00:00,18129.94921875,18093.3934765625,18071.984,18015.021,18309.857
2023-05-19 00:00:00+00:00,18203.400390625,18100.68859375,18168.883,18025.99,18299.027
2023-05-22 00:00:00+00:00,18314.400390625,18106.66990234375,18071.984,18043.033,18295.182
2023-05-23 00:00:00+00:00,18348.0,18135.52720703125,18071.984,18043.865,18296.621
2023-05-24 00:00:00+00:00,18285.400390625,18118.05833984375,18071.984,18041.848,18301.46
2023-05-25 00:00:00+00:00,18321.150390625,18134.32021484375,18071.984,18033.22,18299.41
2023-05-26 00:00:00+00:00,18499.349609375,18137.5198046875,18071.984,18024.541,18302.594
2023-05-29 00:00:00+00:00,18598.650390625,18144.6048828125,18071.984,18019.367,18326.477
2023-05-30 00:00:00+00:00,18633.849609375,18182.365859375,18071.984,18022.602,18363.87
2023-05-31 00:00:00+00:00,18534.400390625,18170.9068359375,18071.984,18048.582,18410.592
2023-06-01 00:00:00+00:00,18487.75,18152.98939453125,18071.984,18088.102,18447.791
2023-06-02 00:00:00+00:00,18534.099609375,18140.10142578125,18071.984,18130.469,18476.043
2023-06-05 00:00:00+00:00,18593.849609375,18147.84142578125,18071.984,18167.125,18502.021
2023-06-06 00:00:00+00:00,18599.0,18139.61841796875,18071.984,18200.045,18528.193
2023-06-07 00:00:00+00:00,18726.400390625,18120.4869140625,18071.984,18235.096,18551.088
2023-06-08 00:00:00+00:00,18634.55078125,18120.4869140625,18071.984,18274.555,18583.916
2023-06-09 00:00:00+00:00,18563.400390625,18120.4869140625,18071.984,18299.756,18600.42
2023-06-12 00:00:00+00:00,18601.5,18120.4869140625,18071.984,18304.81,18602.182
2023-06-13 00:00:00+00:00,18716.150390625,18120.4869140625,18071.984,18304.621,18605.525
2023-06-14 00:00:00+00:00,18755.900390625,18120.4869140625,18071.984,18312.031,18621.836
2023-06-15 00:00:00+00:00,18688.099609375,18120.4869140625,18071.984,18332.256,18644.572
2023-06-16 00:00:00+00:00,18826.0,18120.4869140625,18071.984,18353.15,18658.707
2023-06-19 00:00:00+00:00,18755.44921875,18120.4869140625,18071.984,18371.6,18683.873
2023-06-20 00:00:00+00:00,18816.69921875,18120.4869140625,18071.984,18383.834,18698.95
2023-06-21 00:00:00+00:00,18856.849609375,18120.4869140625,18071.984,18396.248,18718.984
2023-06-22 00:00:00+00:00,18771.25,18120.4869140625,18071.984,18408.78,18741.47
2023-06-23 00:00:00+00:00,18665.5,18120.4869140625,18071.984,18432.363,18756.443
2023-06-26 00:00:00+00:00,18691.19921875,18120.4869140625,18071.984,18456.63,18757.766
2023-06-27 00:00:00+00:00,18817.400390625,18120.4869140625,18071.984,18472.432,18756.045
2023-06-28 00:00:00+00:00,18972.099609375,18120.4869140625,18071.984,18480.46,18762.803
2023-06-30 00:00:00+00:00,19189.05078125,18120.4869140625,18071.984,18490.35,18784.97
2023-07-03 00:00:00+00:00,19322.55078125,18120.4869140625,18071.984,18507.684,18831.05
2023-07-04 00:00:00+00:00,19389.0,18120.4869140625,18071.984,18524.334,18890.25
2023-07-05 00:00:00+00:00,19398.5,18120.4869140625,18071.984,18553.799,18959.305
2023-07-06 00:00:00+00:00,19497.30078125,18120.4869140625,18071.984,18590.703,19028.805
2023-07-07 00:00:00+00:00,19331.80078125,18120.4869140625,18071.984,18646.846,19108.28
2023-07-10 00:00:00+00:00,19355.900390625,18120.4869140625,18071.984,18723.707,19169.197
2023-07-11 00:00:00+00:00,19439.400390625,18120.4869140625,18071.984,18815.566,19225.648
2023-07-12 00:00:00+00:00,19384.30078125,18120.4869140625,18071.984,18904.367,19277.863
2023-07-13 00:00:00+00:00,19413.75,18120.4869140625,18071.984,18973.52,19309.309
2023-07-14 00:00:00+00:00,19564.5,18120.4869140625,18071.984,19019.188,19329.809
2023-07-17 00:00:00+00:00,19711.44921875,18120.4869140625,18071.984,19044.326,19355.018
2023-07-18 00:00:00+00:00,19749.25,18120.4869140625,18071.984,19060.969,19390.605
2023-07-19 00:00:00+00:00,19833.150390625,18120.4869140625,18071.984,19076.117,19428.924
2023-07-20 00:00:00+00:00,19979.150390625,18120.4869140625,18071.984,19097.295,19476.15
2023-07-21 00:00:00+00:00,19745.0,18120.4869140625,18071.984,19129.762,19538.309
2023-07-24 00:00:00+00:00,19672.349609375,18120.4869140625,18071.984,19176.674,19578.172
2023-07-25 00:00:00+00:00,19680.599609375,18120.4869140625,18071.984,19224.232,19604.717
2023-07-26 00:00:00+00:00,19778.30078125,18120.4869140625,18071.984,19271.799,19624.918
2023-07-27 00:00:00+00:00,19659.900390625,18120.4869140625,18071.984,19323.893,19649.17
2023-07-28 00:00:00+00:00,19646.05078125,18120.4869140625,18071.984,19361.0,19652.22
2023-07-31 00:00:00+00:00,19753.80078125,18120.4869140625,18071.984,19375.256,19643.75
2023-08-01 00:00:00+00:00,19733.55078125,18120.4869140625,18071.984,19373.328,19640.104
2023-08-02 00:00:00+00:00,19526.55078125,18120.4869140625,18071.984,19360.248,19632.846
2023-08-03 00:00:00+00:00,19381.650390625,18120.4869140625,18071.984,19331.957,19603.686
2023-08-04 00:00:00+00:00,19517.0,18120.4869140625,18071.984,19298.125,19560.959
2023-08-07 00:00:00+00:00,19597.30078125,18120.4869140625,18071.984,19284.918,19539.104
2023-08-08 00:00:00+00:00,19570.849609375,18120.4869140625,18071.984,19274.336,19527.191
2023-08-09 00:00:00+00:00,19632.55078125,18120.4869140625,18071.984,19256.99,19512.855
2023-08-10 00:00:00+00:00,19543.099609375,18120.4869140625,18071.984,19235.643,19505.871
2023-08-11 00:00:00+00:00,19428.30078125,18120.4869140625,18071.984,19217.998,19494.494
2023-08-14 00:00:00+00:00,19434.55078125,18120.4869140625,18071.984,19193.629,19472.682
2023-08-16 00:00:00+00:00,19465.0,18120.4869140625,18071.984,19165.88,19452.684
2023-08-17 00:00:00+00:00,19365.25,18120.4869140625,18071.984,19151.957,19441.209
2023-08-18 00:00:00+00:00,19310.150390625,18120.4869140625,18071.984,19154.176,19425.06
2023-08-21 00:00:00+00:00,19393.599609375,18120.4869140625,18071.984,19154.826,19402.67
2023-08-22 00:00:00+00:00,19396.44921875,18120.4869140625,18071.984,19138.639,19384.02
2023-08-23 00:00:00+00:00,19444.0,18120.4869140625,18071.984,19112.99,19365.566
2023-08-24 00:00:00+00:00,19386.69921875,18120.4869140625,18071.984,19087.418,19355.336
2023-08-25 00:00:00+00:00,19265.80078125,18120.4869140625,18071.984,19060.625,19342.502
2023-08-28 00:00:00+00:00,19306.05078125,18120.4869140625,18071.984,19041.871,19322.816
2023-08-29 00:00:00+00:00,19342.650390625,18120.4869140625,18071.984,19031.389,19310.846
2023-08-30 00:00:00+00:00,19347.44921875,18120.4869140625,18071.984,19021.229,19303.518
2023-08-31 00:00:00+00:00,19253.80078125,18120.4869140625,18071.984,19013.453,19298.188
2023-09-01 00:00:00+00:00,19435.30078125,18120.4869140625,18071.984,19010.78,19285.82
2023-09-04 00:00:00+00:00,19528.80078125,18120.4869140625,18071.984,19010.803,19292.33
2023-09-05 00:00:00+00:00,19574.900390625,18120.4869140625,18071.984,19005.945,19307.742
2023-09-06 00:00:00+00:00,19611.05078125,18120.4869140625,18071.984,19003.775,19330.04
2023-09-07 00:00:00+00:00,19727.05078125,18120.4869140625,18071.984,19007.686,19358.295
2023-09-08 00:00:00+00:00,19819.94921875,18120.4869140625,18071.984,19029.479,19402.225
2023-09-11 00:00:00+00:00,19996.349609375,18120.4869140625,18071.984,19068.174,19457.592
2023-09-12 00:00:00+00:00,19993.19921875,18120.4869140625,18071.984,19115.975,19528.467
2023-09-13 00:00:00+00:00,20070.0,18120.4869140625,18071.984,19172.197,19596.174
2023-09-14 00:00:00+00:00,20103.099609375,18120.4869140625,18071.984,19240.809,19667.9
2023-09-15 00:00:00+00:00,20192.349609375,18120.4869140625,18071.984,19317.355,19737.283
2023-09-18 00:00:00+00:00,20133.30078125,18120.4869140625,18071.984,19386.375,19804.533
2023-09-20 00:00:00+00:00,19901.400390625,18120.4869140625,18071.984,19452.615,19857.371
2023-09-21 00:00:00+00:00,19742.349609375,18120.4869140625,18071.984,19511.623,19877.928
2023-09-22 00:00:00+00:00,19674.25,18120.4869140625,18071.984,19557.783,19871.771
2023-09-25 00:00:00+00:00,19674.55078125,18120.4869140625,18071.984,19583.346,19846.861
2023-09-26 00:00:00+00:00,19664.69921875,18120.4869140625,18071.984,19587.826,19812.453
2023-09-27 00:00:00+00:00,19716.44921875,18120.4869140625,18071.984,19569.08,19769.977
2023-09-28 00:00:00+00:00,19523.55078125,18120.4869140625,18071.984,19538.027,19731.758
2023-09-29 00:00:00+00:00,19638.30078125,18120.4869140625,18071.984,19484.154,19673.633
2023-10-03 00:00:00+00:00,19528.75,18120.4869140625,18071.984,19420.32,19630.645
2023-10-04 00:00:00+00:00,19436.099609375,18120.4869140625,18071.984,19349.541,19583.086
2023-10-05 00:00:00+00:00,19545.75,18120.4869140625,18071.984,19291.006,19537.158
2023-10-06 00:00:00+00:00,19653.5,18120.4869140625,18071.984,19258.217,19514.334
2023-10-09 00:00:00+00:00,19512.349609375,18120.4869140625,18071.984,19241.098,19509.916
2023-10-10 00:00:00+00:00,19689.849609375,18120.4869140625,18071.984,19223.912,19494.533
2023-10-11 00:00:00+00:00,19811.349609375,18120.4869140625,18071.984,19209.807,19499.41
2023-10-12 00:00:00+00:00,19794.0,18120.4869140625,18071.984,19201.459,19520.15
2023-10-13 00:00:00+00:00,19751.05078125,18120.4869140625,18071.984,19199.635,19542.594
2023-10-16 00:00:00+00:00,19731.75,18120.4869140625,18071.984,19213.744,19565.646
2023-10-17 00:00:00+00:00,19811.5,18120.4869140625,18071.984,19229.44,19585.105
2023-10-18 00:00:00+00:00,19671.099609375,18120.4869140625,18071.984,19262.027,19614.102
2023-10-19 00:00:00+00:00,19624.69921875,18120.4869140625,18071.984,19295.6,19625.965
2023-10-20 00:00:00+00:00,19542.650390625,18120.4869140625,18071.984,19317.428,19625.715
2023-10-23 00:00:00+00:00,19281.75,18120.4869140625,18071.984,19330.271,19611.686
2023-10-25 00:00:00+00:00,19122.150390625,18120.4869140625,18071.984,19333.031,19567.758
2023-10-26 00:00:00+00:00,18857.25,18120.4869140625,18071.984,19304.943,19498.656
2023-10-27 00:00:00+00:00,19047.25,18120.4869140625,18071.984,19251.268,19398.416
2023-10-30 00:00:00+00:00,19140.900390625,18120.4869140625,18071.984,19191.4,19319.23
2023-10-31 00:00:00+00:00,19079.599609375,18120.4869140625,18071.984,19123.56,19254.33
2023-11-01 00:00:00+00:00,18989.150390625,18120.4869140625,18071.984,19042.281,19189.326
2023-11-02 00:00:00+00:00,19133.25,18120.4869140625,18071.984,18949.28,19122.988
2023-11-03 00:00:00+00:00,19230.599609375,18120.4869140625,18071.984,18868.045,19085.623
2023-11-06 00:00:00+00:00,19411.75,18120.4869140625,18071.984,18800.223,19071.902
2023-11-07 00:00:00+00:00,19406.69921875,18120.4869140625,18071.984,18762.46,19092.22
2023-11-08 00:00:00+00:00,19443.5,18120.4869140625,18071.984,18762.936,19126.78
2023-11-09 00:00:00+00:00,19395.30078125,18120.4869140625,18071.984,18792.1,19172.27
2023-11-10 00:00:00+00:00,19425.349609375,18120.4869140625,18071.984,18837.896,19214.432
2023-11-13 00:00:00+00:00,19443.55078125,18120.4869140625,18071.984,18873.545,19251.473
2023-11-15 00:00:00+00:00,19675.44921875,18120.4869140625,18071.984,18913.18,19286.352
2023-11-16 00:00:00+00:00,19765.19921875,18120.4869140625,18071.984,18970.61,19343.14
2023-11-17 00:00:00+00:00,19731.80078125,18120.4869140625,18071.984,19034.11,19404.482
2023-11-20 00:00:00+00:00,19694.0,18120.4869140625,18071.984,19083.084,19452.752
2023-11-21 00:00:00+00:00,19783.400390625,18120.4869140625,18071.984,19120.549,19489.51
2023-11-22 00:00:00+00:00,19811.849609375,18120.4869140625,18071.984,19151.975,19528.957
2023-11-23 00:00:00+00:00,19802.0,18120.4869140625,18071.984,19190.836,19569.244
2023-11-24 00:00:00+00:00,19794.69921875,18120.4869140625,18071.984,19234.67,19604.865
2023-11-28 00:00:00+00:00,19889.69921875,18120.4869140625,18071.984,19283.906,19635.65
2023-11-29 00:00:00+00:00,20096.599609375,18120.4869140625,18071.984,19330.43,19669.127
2023-11-30 00:00:00+00:00,20133.150390625,18120.4869140625,18071.984,19371.71,19716.73
2023-12-01 00:00:00+00:00,20267.900390625,18120.4869140625,18071.984,19397.654,19760.455
2023-12-04 00:00:00+00:00,20686.80078125,18120.4869140625,18071.984,19428.475,19816.057
2023-12-05 00:00:00+00:00,20855.099609375,18120.4869140625,18071.984,19481.93,19914.834
2023-12-06 00:00:00+00:00,20937.69921875,18120.4869140625,18071.984,19552.451,20029.836
2023-12-07 00:00:00+00:00,20901.150390625,18120.4869140625,18071.984,19634.688,20148.84
2023-12-08 00:00:00+00:00,20969.400390625,18120.4869140625,18071.984,19733.0,20259.314
2023-12-11 00:00:00+00:00,20997.099609375,18120.4869140625,18071.984,19849.898,20368.875
2023-12-12 00:00:00+00:00,20906.400390625,18120.4869140625,18071.984,19976.793,20469.432
2023-12-13 00:00:00+00:00,20926.349609375,18120.4869140625,18071.984,20097.078,20544.611
2023-12-14 00:00:00+00:00,21182.69921875,18120.4869140625,18071.984,20204.707,20603.447
2023-12-15 00:00:00+00:00,21456.650390625,18120.4869140625,18071.984,20306.38,20671.97
2023-12-18 00:00:00+00:00,21418.650390625,18120.4869140625,18071.984,20387.426,20750.588
2023-12-19 00:00:00+00:00,21453.099609375,18120.4869140625,18071.984,20434.047,20809.695
2023-12-20 00:00:00+00:00,21150.150390625,18120.4869140625,18071.984,20473.414,20865.76
2023-12-21 00:00:00+00:00,21255.05078125,18120.4869140625,18071.984,20507.57,20888.621
2023-12-22 00:00:00+00:00,21349.400390625,18120.4869140625,18071.984,20550.61,20918.115
2023-12-26 00:00:00+00:00,21441.349609375,18120.4869140625,18071.984,20597.633,20951.188
2023-12-27 00:00:00+00:00,21654.75,18120.4869140625,18071.984,20651.85,20988.408
2023-12-28 00:00:00+00:00,21778.69921875,18120.4869140625,18071.984,20713.816,21041.352
2023-12-29 00:00:00+00:00,21731.400390625,18120.4869140625,18071.984,20764.121,21097.62
